Workbook

Sheet 1·Exec Dashboard
A1: PMOS™ RECOVERY COMMAND CENTER
A2: Executive Dashboard · live program health, recovery progress & financial exposure · figures auto-calculated from all tabs
B5: Program | C5: Project Atlas — SAP S/4HANA | G5: Report date | H5: =TODAY() -> 46193
B6: Program Manager | C6: K. Rawat | G6: Go-live target | H6: 2026-09-30
B8: PROGRAM HEALTH AT A GLANCE
B10: PMOS HEALTH (0–100) | D10: RECOVERY SCORE | G10: GO-LIVE READINESS
B11: ='9·Pattern Dashboard'!F14 -> 25 | D11: ='4·Recovery Actions'!C4 -> 0.37142857 | G11: ='5·Go-Live Readiness'!C34 -> 0.45333333
B13: FINANCIAL EXPOSURE | D13: OPEN CRITICAL RISKS | G13: OVERDUE DECISIONS
B14: ='8·Financial Exposure'!C22 -> 7900254 | D14: =COUNTIFS('2·RAID Register'!$C$6:$C$200,"Risk",'2·RAID Register'!$G$6:$G$200,"Critical",'2·RAID Register'!$H$6:$H$200,"Open") -> 2 | G14: =COUNTIF('3·Decision Log'!$K$6:$K$200,"OVERDUE") -> 0
B17: KPI TREND — LAST 4 WEEKS
B18: KPI | C18: W-3 | D18: W-2 | E18: W-1 | F18: Now | G18: Trend
B19: PMOS Health | C19: 18 | D19: 24 | E19: 26 | F19: ='9·Pattern Dashboard'!F14 -> 25 | G19: =IF(F19>E19,"▲ up",IF(F19<E19,"▼ dn","= flat")) -> ▼ dn
B20: Open Risks | C20: 14 | D20: 12 | E20: 11 | F20: =COUNTIFS('2·RAID Register'!$C$6:$C$200,"Risk",'2·RAID Register'!$H$6:$H$200,"Open") -> 3 | G20: =IF(F20>E20,"▲ up",IF(F20<E20,"▼ dn","= flat")) -> ▼ dn
B21: Open Decisions | C21: 9 | D21: 8 | E21: 6 | F21: =COUNTIF('3·Decision Log'!$I$6:$I$200,"Open") -> 3 | G21: =IF(F21>E21,"▲ up",IF(F21<E21,"▼ dn","= flat")) -> ▼ dn
B22: Recovery % | C22: 10 | D22: 18 | E22: 25 | F22: =ROUND('4·Recovery Actions'!C4*100,0) -> 37 | G22: =IF(F22>E22,"▲ up",IF(F22<E22,"▼ dn","= flat")) -> ▲ up
B24: Conventions | C24: Blue = your inputs · Black = formulas · Green = links from other tabs. Update blue cells; everything else recalculates.

Sheet ★ Project Atlas (example)
B2: PROJECT ATLAS — A REAL ERP RECOVERY, START TO FINISH
B3: This worked example shows how an experienced recovery lead used the Command Center across 90 days. Names are anonymised; the pattern is real. Read it as 'what a consultant would actually do' — then apply the same moves to your own program in the other tabs.
B5: WEEK 0 — THE SITUATION WE INHERITED
B6: Atlas is a $15M SAP S/4HANA finance & supply-chain transformation, 11 weeks from a hard go-live tied to a fiscal year-end. On paper: RAG amber, 78% 'complete'. In reality: the date was going to be missed and nobody had said so out loud.
B7: The PMOS diagnostic scored the program at composite health 21/100 — bottom quartile. Four of the five behavioral patterns were critical or elevated. This is what those scores meant in practice:
B9: STARTING BEHAVIORAL STATE (Week 0)
B10: Pattern | C10: Score | D10: What it looked like on Atlas
B11: Hero Dependency™ | C11: 95 | D11: Two consultants held all the middleware and pricing-config knowledge. Neither had taken leave in 4 months.
B12: Death By Governance™ | C12: 88 | D12: Six standing forums. A change took 4 sign-offs and 3 weeks to clear.
B13: Nobody Wants To Decide™ | C13: 85 | D13: The chart-of-accounts decision had been 're-discussed' in 7 meetings across 6 weeks.
B14: Silent Resistance™ | C14: 70 | D14: Finance still ran a parallel spreadsheet 'just in case'. Adoption was theatre.
B15: Builder Culture™ | C15: 30 | D15: Problems were escalated, not solved. The team waited to be told.
B17: WHAT THE RECOVERY LEAD ACTUALLY DID (the first move matters most)
B18: Week 1 | C18: Did NOT build a new plan. Opened the RAID and Decision tabs and made the invisible visible: 14 open risks, 9 stuck decisions, one of them blocking cutover. Booked a 45-minute sponsor session — not a status update, a contracting conversation.
B19: Week 1 | C19: Killed one of the six forums on the spot. Publicly. It had produced no decision in a month. This single act signalled that the recovery was real and reclaimed ~8 person-days a week.
B20: Week 2 | C20: Mapped the hero load. Named a backup for each single-point-of-failure consultant and started a runbook. The bus-factor risk (R2) moved from 'invisible' to 'being actively closed'.
B21: Week 2 | C21: Put one named owner and a deadline on every open decision. The chart-of-accounts decision that had circulated for 6 weeks was closed in 4 days once a single person owned it.
B22: Week 4 | C22: Ran the first mock cutover. It failed — which was the point. Better to fail a rehearsal in week 4 than the real thing on go-live night. Eleven gaps logged and owned.
B23: Week 6-8 | C23: Converted two resistant finance leads by giving them a visible quick win, not a training session. The parallel spreadsheet started to disappear on its own.
B25: WHERE ATLAS LANDED (Day 90)
B26: Measure | C26: Week 0 | D26: Day 30 | E26: Day 60 | F26: Day 90
B27: PMOS composite health | C27: 21 | D27: 34 | E27: 58 | F27: 79
B28: Open critical risks | C28: 9 | D28: 8 | E28: 4 | F28: 2
B29: Stuck decisions | C29: 9 | D29: 5 | E29: 2 | F29: 0
B30: Go-live readiness | C30: 31% | D30: 45% | E30: 68% | F30: 88%
B31: Hero Dependency score | C31: 95 | D31: 80 | E31: 55 | F31: 40
B32: Adoption (finance) | C32: 35% | D32: 42% | E32: 61% | F32: 84%
B34: THE LESSON
B35: Atlas did not recover because someone wrote a better plan. It recovered because the recovery lead made the behavioral problems visible, put single owners on decisions, broke the hero dependency, and killed governance that cost more than it protected — in that order, in the first two weeks. The Command Center is the instrument that made each of those moves trackable. Go-live happened 3 weeks later than the original date, on a date the business chose deliberately — not one it was forced into.
B37: Your turn: the other tabs are pre-loaded with Atlas data so you can see a live example. Clear them and enter your own program, or use Atlas as the template for the moves that work.

Sheet 2·RAID Register
A1: RAID REGISTER
A2: Risks · Assumptions · Issues · Dependencies — Priority auto-calculates from Likelihood × Impact. Worked examples shown; replace with your own.
B4: How to use | C4: One row per item. Set Type, Likelihood, Impact via the dropdowns — Priority colours automatically. Filter by clicking the header row.
B5: ID | C5: Type | D5: Description | E5: Likelihood | F5: Impact | G5: Priority | H5: Status | I5: Owner | J5: Mitigation / Action | K5: Due | L5: PMOS Pattern | N5: rank
B6: R1 | C6: Risk | D6: Data migration: legacy vendor master has 18% duplicate records; cleansing not started | E6: High | F6: Critical | G6: =IFERROR(IF((MATCH(E6,{"Low","Medium","High"},0))*(MATCH(F6,{"Low","Medium","High","Critical"},0))>=9,"Critical",IF((MATCH(E6,{"Low","Medium","High"},0))*(MATCH(F6,{"Low","Medium","High","Critical"},0))>=6,"High",IF((MATCH(E6,{"Low","Medium","High"},0))*(MATCH(F6,{"Low","Medium","High","Critical"},0))>=3,"Medium","Low"))),"") -> Critical | H6: Open | I6: Data Lead | J6: Stand up cleansing squad; freeze new vendor creation | K6: 2026-07-15 | L6: Silent Resistance | N6: =IF(AND($C6="Risk",$H6="Open",$G6="Critical"),COUNTIFS($C$6:$C6,"Risk",$H$6:$H6,"Open",$G$6:$G6,"Critical"),"") -> 1
B7: R2 | C7: Risk | D7: Only one consultant understands pricing-condition config (Hero Dependency) | E7: High | F7: Critical | G7: =IFERROR(IF((MATCH(E7,{"Low","Medium","High"},0))*(MATCH(F7,{"Low","Medium","High","Critical"},0))>=9,"Critical",IF((MATCH(E7,{"Low","Medium","High"},0))*(MATCH(F7,{"Low","Medium","High","Critical"},0))>=6,"High",IF((MATCH(E7,{"Low","Medium","High"},0))*(MATCH(F7,{"Low","Medium","High","Critical"},0))>=3,"Medium","Low"))),"") -> Critical | H7: Open | I7: PgM | J7: Pair a second resource; document config by 30 Jul | K7: 2026-07-30 | L7: Hero Dependency | N7: =IF(AND($C7="Risk",$H7="Open",$G7="Critical"),COUNTIFS($C$6:$C7,"Risk",$H$6:$H7,"Open",$G$6:$G7,"Critical"),"") -> 2
B8: R3 | C8: Risk | D8: UAT environment unstable; 40% of test cycles lost to downtime | E8: Medium | F8: High | G8: =IFERROR(IF((MATCH(E8,{"Low","Medium","High"},0))*(MATCH(F8,{"Low","Medium","High","Critical"},0))>=9,"Critical",IF((MATCH(E8,{"Low","Medium","High"},0))*(MATCH(F8,{"Low","Medium","High","Critical"},0))>=6,"High",IF((MATCH(E8,{"Low","Medium","High"},0))*(MATCH(F8,{"Low","Medium","High","Critical"},0))>=3,"Medium","Low"))),"") -> High | H8: Open | I8: Infra Lead | J8: Escalate to vendor; secure dedicated UAT instance | K8: 2026-07-10 | L8: Death By Governance | N8: =IF(AND($C8="Risk",$H8="Open",$G8="Critical"),COUNTIFS($C$6:$C8,"Risk",$H$6:$H8,"Open",$G$6:$G8,"Critical"),"")
B9: A1 | C9: Assumption | D9: Business frees 6 SMEs full-time for UAT — not yet confirmed by sponsor | E9: Medium | F9: High | G9: =IFERROR(IF((MATCH(E9,{"Low","Medium","High"},0))*(MATCH(F9,{"Low","Medium","High","Critical"},0))>=9,"Critical",IF((MATCH(E9,{"Low","Medium","High"},0))*(MATCH(F9,{"Low","Medium","High","Critical"},0))>=6,"High",IF((MATCH(E9,{"Low","Medium","High"},0))*(MATCH(F9,{"Low","Medium","High","Critical"},0))>=3,"Medium","Low"))),"") -> High | H9: Open | I9: Sponsor | J9: Confirm SME release at next steering | K9: 2026-07-05 | L9: Nobody Wants To Decide | N9: =IF(AND($C9="Risk",$H9="Open",$G9="Critical"),COUNTIFS($C$6:$C9,"Risk",$H$6:$H9,"Open",$G$6:$G9,"Critical"),"")
B10: A2 | C10: Assumption | D10: Legacy system stays live through hypercare (no early decommission) | E10: Low | F10: Medium | G10: =IFERROR(IF((MATCH(E10,{"Low","Medium","High"},0))*(MATCH(F10,{"Low","Medium","High","Critical"},0))>=9,"Critical",IF((MATCH(E10,{"Low","Medium","High"},0))*(MATCH(F10,{"Low","Medium","High","Critical"},0))>=6,"High",IF((MATCH(E10,{"Low","Medium","High"},0))*(MATCH(F10,{"Low","Medium","High","Critical"},0))>=3,"Medium","Low"))),"") -> Low | H10: Open | I10: IT Director | J10: Validate decommission date in cutover plan | K10: 2026-08-01 | L10: Silent Resistance | N10: =IF(AND($C10="Risk",$H10="Open",$G10="Critical"),COUNTIFS($C$6:$C10,"Risk",$H$6:$H10,"Open",$G$6:$G10,"Critical"),"")
B11: I1 | C11: Issue | D11: Bank payment-gateway integration failing in SIT — 3 weeks open | E11: High | F11: Critical | G11: =IFERROR(IF((MATCH(E11,{"Low","Medium","High"},0))*(MATCH(F11,{"Low","Medium","High","Critical"},0))>=9,"Critical",IF((MATCH(E11,{"Low","Medium","High"},0))*(MATCH(F11,{"Low","Medium","High","Critical"},0))>=6,"High",IF((MATCH(E11,{"Low","Medium","High"},0))*(MATCH(F11,{"Low","Medium","High","Critical"},0))>=3,"Medium","Low"))),"") -> Critical | H11: Open | I11: Integration Lead | J11: Joint war-room with vendor; daily standup | K11: 2026-07-08 | L11: Death By Governance | N11: =IF(AND($C11="Risk",$H11="Open",$G11="Critical"),COUNTIFS($C$6:$C11,"Risk",$H$6:$H11,"Open",$G$6:$G11,"Critical"),"")
B12: I2 | C12: Issue | D12: Steering has not closed chart-of-accounts decision (blocks 4 streams) | E12: High | F12: Critical | G12: =IFERROR(IF((MATCH(E12,{"Low","Medium","High"},0))*(MATCH(F12,{"Low","Medium","High","Critical"},0))>=9,"Critical",IF((MATCH(E12,{"Low","Medium","High"},0))*(MATCH(F12,{"Low","Medium","High","Critical"},0))>=6,"High",IF((MATCH(E12,{"Low","Medium","High"},0))*(MATCH(F12,{"Low","Medium","High","Critical"},0))>=3,"Medium","Low"))),"") -> Critical | H12: Open | I12: CFO | J12: Force decision via escalation pack | K12: 2026-07-04 | L12: Hero Dependency | N12: =IF(AND($C12="Risk",$H12="Open",$G12="Critical"),COUNTIFS($C$6:$C12,"Risk",$H$6:$H12,"Open",$G$6:$G12,"Critical"),"")
B13: D1 | C13: Dependency | D13: GL config depends on finalised chart of accounts (see I2) | E13: High | F13: Critical | G13: =IFERROR(IF((MATCH(E13,{"Low","Medium","High"},0))*(MATCH(F13,{"Low","Medium","High","Critical"},0))>=9,"Critical",IF((MATCH(E13,{"Low","Medium","High"},0))*(MATCH(F13,{"Low","Medium","High","Critical"},0))>=6,"High",IF((MATCH(E13,{"Low","Medium","High"},0))*(MATCH(F13,{"Low","Medium","High","Critical"},0))>=3,"Medium","Low"))),"") -> Critical | H13: Open | I13: Finance Lead | J13: Blocked until I2 closed | K13: 2026-07-04 | L13: Nobody Wants To Decide | N13: =IF(AND($C13="Risk",$H13="Open",$G13="Critical"),COUNTIFS($C$6:$C13,"Risk",$H$6:$H13,"Open",$G$6:$G13,"Critical"),"")
B14: D2 | C14: Dependency | D14: Cutover rehearsal depends on stable UAT (see R3) | E14: Medium | F14: High | G14: =IFERROR(IF((MATCH(E14,{"Low","Medium","High"},0))*(MATCH(F14,{"Low","Medium","High","Critical"},0))>=9,"Critical",IF((MATCH(E14,{"Low","Medium","High"},0))*(MATCH(F14,{"Low","Medium","High","Critical"},0))>=6,"High",IF((MATCH(E14,{"Low","Medium","High"},0))*(MATCH(F14,{"Low","Medium","High","Critical"},0))>=3,"Medium","Low"))),"") -> High | H14: Open | I14: Cutover Lead | J14: Sequenced after R3 resolved | K14: 2026-08-15 | N14: =IF(AND($C14="Risk",$H14="Open",$G14="Critical"),COUNTIFS($C$6:$C14,"Risk",$H$6:$H14,"Open",$G$6:$G14,"Critical"),"")
G15: =IFERROR(IF((MATCH(E15,{"Low","Medium","High"},0))*(MATCH(F15,{"Low","Medium","High","Critical"},0))>=9,"Critical",IF((MATCH(E15,{"Low","Medium","High"},0))*(MATCH(F15,{"Low","Medium","High","Critical"},0))>=6,"High",IF((MATCH(E15,{"Low","Medium","High"},0))*(MATCH(F15,{"Low","Medium","High","Critical"},0))>=3,"Medium","Low"))),"") | N15: =IF(AND($C15="Risk",$H15="Open",$G15="Critical"),COUNTIFS($C$6:$C15,"Risk",$H$6:$H15,"Open",$G$6:$G15,"Critical"),"")
G16: =IFERROR(IF((MATCH(E16,{"Low","Medium","High"},0))*(MATCH(F16,{"Low","Medium","High","Critical"},0))>=9,"Critical",IF((MATCH(E16,{"Low","Medium","High"},0))*(MATCH(F16,{"Low","Medium","High","Critical"},0))>=6,"High",IF((MATCH(E16,{"Low","Medium","High"},0))*(MATCH(F16,{"Low","Medium","High","Critical"},0))>=3,"Medium","Low"))),"") | N16: =IF(AND($C16="Risk",$H16="Open",$G16="Critical"),COUNTIFS($C$6:$C16,"Risk",$H$6:$H16,"Open",$G$6:$G16,"Critical"),"")
G17: =IFERROR(IF((MATCH(E17,{"Low","Medium","High"},0))*(MATCH(F17,{"Low","Medium","High","Critical"},0))>=9,"Critical",IF((MATCH(E17,{"Low","Medium","High"},0))*(MATCH(F17,{"Low","Medium","High","Critical"},0))>=6,"High",IF((MATCH(E17,{"Low","Medium","High"},0))*(MATCH(F17,{"Low","Medium","High","Critical"},0))>=3,"Medium","Low"))),"") | N17: =IF(AND($C17="Risk",$H17="Open",$G17="Critical"),COUNTIFS($C$6:$C17,"Risk",$H$6:$H17,"Open",$G$6:$G17,"Critical"),"")
G18: =IFERROR(IF((MATCH(E18,{"Low","Medium","High"},0))*(MATCH(F18,{"Low","Medium","High","Critical"},0))>=9,"Critical",IF((MATCH(E18,{"Low","Medium","High"},0))*(MATCH(F18,{"Low","Medium","High","Critical"},0))>=6,"High",IF((MATCH(E18,{"Low","Medium","High"},0))*(MATCH(F18,{"Low","Medium","High","Critical"},0))>=3,"Medium","Low"))),"") | N18: =IF(AND($C18="Risk",$H18="Open",$G18="Critical"),COUNTIFS($C$6:$C18,"Risk",$H$6:$H18,"Open",$G$6:$G18,"Critical"),"")
G19: =IFERROR(IF((MATCH(E19,{"Low","Medium","High"},0))*(MATCH(F19,{"Low","Medium","High","Critical"},0))>=9,"Critical",IF((MATCH(E19,{"Low","Medium","High"},0))*(MATCH(F19,{"Low","Medium","High","Critical"},0))>=6,"High",IF((MATCH(E19,{"Low","Medium","High"},0))*(MATCH(F19,{"Low","Medium","High","Critical"},0))>=3,"Medium","Low"))),"") | N19: =IF(AND($C19="Risk",$H19="Open",$G19="Critical"),COUNTIFS($C$6:$C19,"Risk",$H$6:$H19,"Open",$G$6:$G19,"Critical"),"")
G20: =IFERROR(IF((MATCH(E20,{"Low","Medium","High"},0))*(MATCH(F20,{"Low","Medium","High","Critical"},0))>=9,"Critical",IF((MATCH(E20,{"Low","Medium","High"},0))*(MATCH(F20,{"Low","Medium","High","Critical"},0))>=6,"High",IF((MATCH(E20,{"Low","Medium","High"},0))*(MATCH(F20,{"Low","Medium","High","Critical"},0))>=3,"Medium","Low"))),"") | N20: =IF(AND($C20="Risk",$H20="Open",$G20="Critical"),COUNTIFS($C$6:$C20,"Risk",$H$6:$H20,"Open",$G$6:$G20,"Critical"),"")
G21: =IFERROR(IF((MATCH(E21,{"Low","Medium","High"},0))*(MATCH(F21,{"Low","Medium","High","Critical"},0))>=9,"Critical",IF((MATCH(E21,{"Low","Medium","High"},0))*(MATCH(F21,{"Low","Medium","High","Critical"},0))>=6,"High",IF((MATCH(E21,{"Low","Medium","High"},0))*(MATCH(F21,{"Low","Medium","High","Critical"},0))>=3,"Medium","Low"))),"") | N21: =IF(AND($C21="Risk",$H21="Open",$G21="Critical"),COUNTIFS($C$6:$C21,"Risk",$H$6:$H21,"Open",$G$6:$G21,"Critical"),"")
G22: =IFERROR(IF((MATCH(E22,{"Low","Medium","High"},0))*(MATCH(F22,{"Low","Medium","High","Critical"},0))>=9,"Critical",IF((MATCH(E22,{"Low","Medium","High"},0))*(MATCH(F22,{"Low","Medium","High","Critical"},0))>=6,"High",IF((MATCH(E22,{"Low","Medium","High"},0))*(MATCH(F22,{"Low","Medium","High","Critical"},0))>=3,"Medium","Low"))),"") | N22: =IF(AND($C22="Risk",$H22="Open",$G22="Critical"),COUNTIFS($C$6:$C22,"Risk",$H$6:$H22,"Open",$G$6:$G22,"Critical"),"")
G23: =IFERROR(IF((MATCH(E23,{"Low","Medium","High"},0))*(MATCH(F23,{"Low","Medium","High","Critical"},0))>=9,"Critical",IF((MATCH(E23,{"Low","Medium","High"},0))*(MATCH(F23,{"Low","Medium","High","Critical"},0))>=6,"High",IF((MATCH(E23,{"Low","Medium","High"},0))*(MATCH(F23,{"Low","Medium","High","Critical"},0))>=3,"Medium","Low"))),"") | N23: =IF(AND($C23="Risk",$H23="Open",$G23="Critical"),COUNTIFS($C$6:$C23,"Risk",$H$6:$H23,"Open",$G$6:$G23,"Critical"),"")
G24: =IFERROR(IF((MATCH(E24,{"Low","Medium","High"},0))*(MATCH(F24,{"Low","Medium","High","Critical"},0))>=9,"Critical",IF((MATCH(E24,{"Low","Medium","High"},0))*(MATCH(F24,{"Low","Medium","High","Critical"},0))>=6,"High",IF((MATCH(E24,{"Low","Medium","High"},0))*(MATCH(F24,{"Low","Medium","High","Critical"},0))>=3,"Medium","Low"))),"") | N24: =IF(AND($C24="Risk",$H24="Open",$G24="Critical"),COUNTIFS($C$6:$C24,"Risk",$H$6:$H24,"Open",$G$6:$G24,"Critical"),"")
G25: =IFERROR(IF((MATCH(E25,{"Low","Medium","High"},0))*(MATCH(F25,{"Low","Medium","High","Critical"},0))>=9,"Critical",IF((MATCH(E25,{"Low","Medium","High"},0))*(MATCH(F25,{"Low","Medium","High","Critical"},0))>=6,"High",IF((MATCH(E25,{"Low","Medium","High"},0))*(MATCH(F25,{"Low","Medium","High","Critical"},0))>=3,"Medium","Low"))),"") | N25: =IF(AND($C25="Risk",$H25="Open",$G25="Critical"),COUNTIFS($C$6:$C25,"Risk",$H$6:$H25,"Open",$G$6:$G25,"Critical"),"")
G26: =IFERROR(IF((MATCH(E26,{"Low","Medium","High"},0))*(MATCH(F26,{"Low","Medium","High","Critical"},0))>=9,"Critical",IF((MATCH(E26,{"Low","Medium","High"},0))*(MATCH(F26,{"Low","Medium","High","Critical"},0))>=6,"High",IF((MATCH(E26,{"Low","Medium","High"},0))*(MATCH(F26,{"Low","Medium","High","Critical"},0))>=3,"Medium","Low"))),"") | N26: =IF(AND($C26="Risk",$H26="Open",$G26="Critical"),COUNTIFS($C$6:$C26,"Risk",$H$6:$H26,"Open",$G$6:$G26,"Critical"),"")
... G29: =IFERROR(IF((MATCH(E29,{"Low","Medium","High"},0))*(MATCH(F29,{"Low","Medium","High","Critical"},0))>=9,"Critical",IF((MATCH(E29,{"Low","Medium","High"},0))*(MATCH(F29,{"Low","Medium","High","Critical"},0))>=6,"High",IF((MATCH(E29,{"Low","Medium","High"},0))*(MATCH(F29,{"Low","Medium","High","Critical"},0))>=3,"Medium","Low"))),"") | N29: =IF(AND($C29="Risk",$H29="Open",$G29="Critical"),COUNTIFS($C$6:$C29,"Risk",$H$6:$H29,"Open",$G$6:$G29,"Critical"),"")
N30: =IF(AND($C30="Risk",$H30="Open",$G30="Critical"),COUNTIFS($C$6:$C30,"Risk",$H$6:$H30,"Open",$G$6:$G30,"Critical"),"")
N31: =IF(AND($C31="Risk",$H31="Open",$G31="Critical"),COUNTIFS($C$6:$C31,"Risk",$H$6:$H31,"Open",$G$6:$G31,"Critical"),"")
N32: =IF(AND($C32="Risk",$H32="Open",$G32="Critical"),COUNTIFS($C$6:$C32,"Risk",$H$6:$H32,"Open",$G$6:$G32,"Critical"),"")
N33: =IF(AND($C33="Risk",$H33="Open",$G33="Critical"),COUNTIFS($C$6:$C33,"Risk",$H$6:$H33,"Open",$G$6:$G33,"Critical"),"")
N34: =IF(AND($C34="Risk",$H34="Open",$G34="Critical"),COUNTIFS($C$6:$C34,"Risk",$H$6:$H34,"Open",$G$6:$G34,"Critical"),"")
N35: =IF(AND($C35="Risk",$H35="Open",$G35="Critical"),COUNTIFS($C$6:$C35,"Risk",$H$6:$H35,"Open",$G$6:$G35,"Critical"),"")
N36: =IF(AND($C36="Risk",$H36="Open",$G36="Critical"),COUNTIFS($C$6:$C36,"Risk",$H$6:$H36,"Open",$G$6:$G36,"Critical"),"")
N37: =IF(AND($C37="Risk",$H37="Open",$G37="Critical"),COUNTIFS($C$6:$C37,"Risk",$H$6:$H37,"Open",$G$6:$G37,"Critical"),"")
N38: =IF(AND($C38="Risk",$H38="Open",$G38="Critical"),COUNTIFS($C$6:$C38,"Risk",$H$6:$H38,"Open",$G$6:$G38,"Critical"),"")
N39: =IF(AND($C39="Risk",$H39="Open",$G39="Critical"),COUNTIFS($C$6:$C39,"Risk",$H$6:$H39,"Open",$G$6:$G39,"Critical"),"")
N40: =IF(AND($C40="Risk",$H40="Open",$G40="Critical"),COUNTIFS($C$6:$C40,"Risk",$H$6:$H40,"Open",$G$6:$G40,"Critical"),"")
N41: =IF(AND($C41="Risk",$H41="Open",$G41="Critical"),COUNTIFS($C$6:$C41,"Risk",$H$6:$H41,"Open",$G$6:$G41,"Critical"),"")
... N200: =IF(AND($C200="Risk",$H200="Open",$G200="Critical"),COUNTIFS($C$6:$C200,"Risk",$H$6:$H200,"Open",$G$6:$G200,"Critical"),"")

Sheet 3·Decision Log
A1: DECISION LOG
A2: Every decision has ONE named owner and a date. Aging & overdue flags auto-calculate. 'Nobody Wants To Decide' dies here.
B4: Decision velocity | D4: =IFERROR(AVERAGEIFS(J6:J200,I6:I200,"Closed"),"—") -> 19 | G4: Open decisions | H4: =COUNTIF(I6:I200,"Open") -> 3 | I4: Overdue | J4: =COUNTIF(K6:K200,"OVERDUE") -> 0
B5: ID | C5: Decision required | D5: Owner (one name) | E5: Raised | F5: Needed by | G5: Decision made | H5: Decided on | I5: Status | J5: Days to close | K5: Aging flag | L5: PMOS Pattern | M5: rank
B6: D1 | C6: Chart of accounts structure (4-segment vs 6) | D6: CFO | E6: 2026-06-01 | F6: 2026-06-20 | I6: Open | J6: =IF(AND(I6="Closed",H6<>"",E6<>""),H6-E6,"") | K6: =IF(I6="Closed","—",IF(F6="","",IF(TODAY()>F6,"OVERDUE",IF(TODAY()>=F6-5,"DUE SOON","ON TRACK")))) -> DUE SOON | L6: Nobody Wants To Decide | M6: =IF($I6="Open",COUNTIF($I$6:$I6,"Open"),"") -> 1
B7: D2 | C7: Single global template vs country localisation | D7: Sponsor | E7: 2026-06-05 | F7: 2026-06-25 | I7: Open | J7: =IF(AND(I7="Closed",H7<>"",E7<>""),H7-E7,"") | K7: =IF(I7="Closed","—",IF(F7="","",IF(TODAY()>F7,"OVERDUE",IF(TODAY()>=F7-5,"DUE SOON","ON TRACK")))) -> DUE SOON | L7: Nobody Wants To Decide | M7: =IF($I7="Open",COUNTIF($I$6:$I7,"Open"),"") -> 2
B8: D3 | C8: Go / no-go criteria for cutover | D8: Steering | E8: 2026-06-10 | F8: 2026-08-15 | I8: Open | J8: =IF(AND(I8="Closed",H8<>"",E8<>""),H8-E8,"") | K8: =IF(I8="Closed","—",IF(F8="","",IF(TODAY()>F8,"OVERDUE",IF(TODAY()>=F8-5,"DUE SOON","ON TRACK")))) -> ON TRACK | L8: Nobody Wants To Decide | M8: =IF($I8="Open",COUNTIF($I$6:$I8,"Open"),"") -> 3
B9: D4 | C9: Hypercare staffing model & duration | D9: PgM | E9: 2026-05-20 | F9: 2026-06-10 | G9: Hybrid: 4 wks onsite + 8 wks remote | H9: 2026-06-08 | I9: Closed | J9: =IF(AND(I9="Closed",H9<>"",E9<>""),H9-E9,"") -> 19 | K9: =IF(I9="Closed","—",IF(F9="","",IF(TODAY()>F9,"OVERDUE",IF(TODAY()>=F9-5,"DUE SOON","ON TRACK")))) -> — | L9: Hero Dependency | M9: =IF($I9="Open",COUNTIF($I$6:$I9,"Open"),"")
B10: D5 | C10: Data archival policy for legacy records | D10: IT Director | E10: 2026-05-15 | F10: 2026-06-05 | G10: Archive 7 yrs, then purge | H10: 2026-06-03 | I10: Closed | J10: =IF(AND(I10="Closed",H10<>"",E10<>""),H10-E10,"") -> 19 | K10: =IF(I10="Closed","—",IF(F10="","",IF(TODAY()>F10,"OVERDUE",IF(TODAY()>=F10-5,"DUE SOON","ON TRACK")))) -> — | L10: Death By Governance | M10: =IF($I10="Open",COUNTIF($I$6:$I10,"Open"),"")
J11: =IF(AND(I11="Closed",H11<>"",E11<>""),H11-E11,"") | K11: =IF(I11="Closed","—",IF(F11="","",IF(TODAY()>F11,"OVERDUE",IF(TODAY()>=F11-5,"DUE SOON","ON TRACK")))) | M11: =IF($I11="Open",COUNTIF($I$6:$I11,"Open"),"")
J12: =IF(AND(I12="Closed",H12<>"",E12<>""),H12-E12,"") | K12: =IF(I12="Closed","—",IF(F12="","",IF(TODAY()>F12,"OVERDUE",IF(TODAY()>=F12-5,"DUE SOON","ON TRACK")))) | M12: =IF($I12="Open",COUNTIF($I$6:$I12,"Open"),"")
J13: =IF(AND(I13="Closed",H13<>"",E13<>""),H13-E13,"") | K13: =IF(I13="Closed","—",IF(F13="","",IF(TODAY()>F13,"OVERDUE",IF(TODAY()>=F13-5,"DUE SOON","ON TRACK")))) | M13: =IF($I13="Open",COUNTIF($I$6:$I13,"Open"),"")
J14: =IF(AND(I14="Closed",H14<>"",E14<>""),H14-E14,"") | K14: =IF(I14="Closed","—",IF(F14="","",IF(TODAY()>F14,"OVERDUE",IF(TODAY()>=F14-5,"DUE SOON","ON TRACK")))) | M14: =IF($I14="Open",COUNTIF($I$6:$I14,"Open"),"")
J15: =IF(AND(I15="Closed",H15<>"",E15<>""),H15-E15,"") | K15: =IF(I15="Closed","—",IF(F15="","",IF(TODAY()>F15,"OVERDUE",IF(TODAY()>=F15-5,"DUE SOON","ON TRACK")))) | M15: =IF($I15="Open",COUNTIF($I$6:$I15,"Open"),"")
J16: =IF(AND(I16="Closed",H16<>"",E16<>""),H16-E16,"") | K16: =IF(I16="Closed","—",IF(F16="","",IF(TODAY()>F16,"OVERDUE",IF(TODAY()>=F16-5,"DUE SOON","ON TRACK")))) | M16: =IF($I16="Open",COUNTIF($I$6:$I16,"Open"),"")
J17: =IF(AND(I17="Closed",H17<>"",E17<>""),H17-E17,"") | K17: =IF(I17="Closed","—",IF(F17="","",IF(TODAY()>F17,"OVERDUE",IF(TODAY()>=F17-5,"DUE SOON","ON TRACK")))) | M17: =IF($I17="Open",COUNTIF($I$6:$I17,"Open"),"")
J18: =IF(AND(I18="Closed",H18<>"",E18<>""),H18-E18,"") | K18: =IF(I18="Closed","—",IF(F18="","",IF(TODAY()>F18,"OVERDUE",IF(TODAY()>=F18-5,"DUE SOON","ON TRACK")))) | M18: =IF($I18="Open",COUNTIF($I$6:$I18,"Open"),"")
J19: =IF(AND(I19="Closed",H19<>"",E19<>""),H19-E19,"") | K19: =IF(I19="Closed","—",IF(F19="","",IF(TODAY()>F19,"OVERDUE",IF(TODAY()>=F19-5,"DUE SOON","ON TRACK")))) | M19: =IF($I19="Open",COUNTIF($I$6:$I19,"Open"),"")
J20: =IF(AND(I20="Closed",H20<>"",E20<>""),H20-E20,"") | K20: =IF(I20="Closed","—",IF(F20="","",IF(TODAY()>F20,"OVERDUE",IF(TODAY()>=F20-5,"DUE SOON","ON TRACK")))) | M20: =IF($I20="Open",COUNTIF($I$6:$I20,"Open"),"")
J21: =IF(AND(I21="Closed",H21<>"",E21<>""),H21-E21,"") | K21: =IF(I21="Closed","—",IF(F21="","",IF(TODAY()>F21,"OVERDUE",IF(TODAY()>=F21-5,"DUE SOON","ON TRACK")))) | M21: =IF($I21="Open",COUNTIF($I$6:$I21,"Open"),"")
J22: =IF(AND(I22="Closed",H22<>"",E22<>""),H22-E22,"") | K22: =IF(I22="Closed","—",IF(F22="","",IF(TODAY()>F22,"OVERDUE",IF(TODAY()>=F22-5,"DUE SOON","ON TRACK")))) | M22: =IF($I22="Open",COUNTIF($I$6:$I22,"Open"),"")
... J25: =IF(AND(I25="Closed",H25<>"",E25<>""),H25-E25,"") | K25: =IF(I25="Closed","—",IF(F25="","",IF(TODAY()>F25,"OVERDUE",IF(TODAY()>=F25-5,"DUE SOON","ON TRACK")))) | M25: =IF($I25="Open",COUNTIF($I$6:$I25,"Open"),"")
M26: =IF($I26="Open",COUNTIF($I$6:$I26,"Open"),"")
M27: =IF($I27="Open",COUNTIF($I$6:$I27,"Open"),"")
M28: =IF($I28="Open",COUNTIF($I$6:$I28,"Open"),"")
M29: =IF($I29="Open",COUNTIF($I$6:$I29,"Open"),"")
M30: =IF($I30="Open",COUNTIF($I$6:$I30,"Open"),"")
M31: =IF($I31="Open",COUNTIF($I$6:$I31,"Open"),"")
M32: =IF($I32="Open",COUNTIF($I$6:$I32,"Open"),"")
M33: =IF($I33="Open",COUNTIF($I$6:$I33,"Open"),"")
M34: =IF($I34="Open",COUNTIF($I$6:$I34,"Open"),"")
M35: =IF($I35="Open",COUNTIF($I$6:$I35,"Open"),"")
M36: =IF($I36="Open",COUNTIF($I$6:$I36,"Open"),"")
M37: =IF($I37="Open",COUNTIF($I$6:$I37,"Open"),"")
... M200: =IF($I200="Open",COUNTIF($I$6:$I200,"Open"),"")

Sheet 4·Recovery Actions
A1: RECOVERY ENGINE — IMMEDIATE / 30 / 60 / 90 DAY PLAN
A2: A phased recovery system. Each action has an owner, a dependency, a success metric, a RAG status and an expected PMOS-score improvement. Progress rolls up to the Executive Dashboard.
B4: Recovery score | C4: =IFERROR(AVERAGEIFS(I8:I200,K8:K200,"<>Cancelled",I8:I200,"<>"),0) -> 0.37142857 | E4: Expected health lift | F4: =SUMIFS(J8:J200,G8:G200,"<>Done") -> 69 | G4: pts | H4: Actions done | I4: =COUNTIF(G8:G200,"Done")&" / "&COUNTA(B8:B200) -> 0 / 18
B6: ID | C6: Action | D6: Owner | E6: Dependency | F6: Due | G6: RAG | H6: Success metric | I6: Progress | J6: Δ Health | K6: PMOS Pattern | M6: PHASE ROLLUP
B7: IMMEDIATE — first 7 days · stop the bleeding | M7: Phase | N7: % complete | O7: Δ health | P7: Status
B8: I1 | C8: Freeze scope; stand up a single change-control gate | D8: PgM | E8: Sponsor mandate | F8: 2026-07-05 | G8: =IF(I8>=1,"GREEN",IF(I8>=0.5,"AMBER","RED")) -> GREEN | H8: Zero ungoverned changes in week 1 | I8: 1 | J8: 3 | K8: Death By Governance | M8: Immediate | N8: =IFERROR(AVERAGE(I8:I11),0) -> 0.85 | O8: =SUMIFS(J8:J11,I8:I11,"<1") -> 6 | P8: =IF(N8>=0.8,"GREEN",IF(N8>=0.4,"AMBER","RED")) -> GREEN
B9: I2 | C9: Name a backup for every single-point-of-failure person | D9: Delivery Mgr | E9: Hero map complete | F9: 2026-07-06 | G9: =IF(I9>=1,"GREEN",IF(I9>=0.5,"AMBER","RED")) -> RED | H9: Every critical role has 2 names | I9: 0.4 | J9: 6 | K9: Hero Dependency | M9: 30 days | N9: =IFERROR(AVERAGE(I14:I17),0) -> 0.3 | O9: =SUMIFS(J14:J17,I14:I17,"<1") -> 24 | P9: =IF(N9>=0.8,"GREEN",IF(N9>=0.4,"AMBER","RED")) -> RED
B10: I3 | C10: Book the sponsor decision slot (weekly, 45 min) | D10: PgM | E10: Sponsor calendar | F10: 2026-07-04 | G10: =IF(I10>=1,"GREEN",IF(I10>=0.5,"AMBER","RED")) -> GREEN | H10: Slot in calendar, first one held | I10: 1 | J10: 4 | K10: Nobody Wants To Decide | M10: 60 days | N10: =IFERROR(AVERAGE(I20:I22),0) -> 0.2 | O10: =SUMIFS(J20:J22,I20:I22,"<1") -> 17 | P10: =IF(N10>=0.8,"GREEN",IF(N10>=0.4,"AMBER","RED")) -> RED
B11: I4 | C11: Kill one recurring forum that produced no decision | D11: PMO Lead | E11: Governance review | F11: 2026-07-05 | G11: =IF(I11>=1,"GREEN",IF(I11>=0.5,"AMBER","RED")) -> GREEN | H11: 1 forum cancelled, capacity freed | I11: 1 | J11: 2 | K11: Death By Governance | M11: 90 days | N11: =IFERROR(AVERAGE(I25:I27),0) -> 0 | O11: =SUMIFS(J25:J27,I25:I27,"<1") -> 13 | P11: =IF(N11>=0.8,"GREEN",IF(N11>=0.4,"AMBER","RED")) -> RED
B13: 30 DAYS — stabilise · rebuild control
B14: D1 | C14: Pair a 2nd resource on pricing config; document runbook | D14: Delivery Mgr | E14: I2 done | F14: 2026-07-30 | G14: =IF(I14>=1,"GREEN",IF(I14>=0.5,"AMBER","RED")) -> RED | H14: Runbook signed off; bus-factor ≥2 | I14: 0.4 | J14: 8 | K14: Hero Dependency
B15: D2 | C15: Cut approval chains to max 2 signatures | D15: PMO Lead | E15: Governance review | F15: 2026-07-20 | G15: =IF(I15>=1,"GREEN",IF(I15>=0.5,"AMBER","RED")) -> AMBER | H15: No path needs >2 sign-offs | I15: 0.5 | J15: 6 | K15: Death By Governance
B16: D3 | C16: Publish decision log; force the COA decision | D16: CFO office | E16: I3 done | F16: 2026-07-12 | G16: =IF(I16>=1,"GREEN",IF(I16>=0.5,"AMBER","RED")) -> RED | H16: COA decided; log live & public | I16: 0.3 | J16: 5 | K16: Nobody Wants To Decide
B17: D4 | C17: Vendor master data cleansing squad live | D17: Data Lead | E17: Resource approved | F17: 2026-08-01 | G17: =IF(I17>=1,"GREEN",IF(I17>=0.5,"AMBER","RED")) -> RED | H17: Duplicate rate <2% | I17: 0 | J17: 5 | K17: Silent Resistance
B19: 60 DAYS — recover · prove the fix
B20: S1 | C20: Dedicated UAT instance; defect closure >90% | D20: Infra Lead | E20: D4 underway | F20: 2026-08-15 | G20: =IF(I20>=1,"GREEN",IF(I20>=0.5,"AMBER","RED")) -> AMBER | H20: Defect closure rate >90% | I20: 0.6 | J20: 6 | K20: Silent Resistance
B21: S2 | C21: Stakeholder recovery plan for resistant teams | D21: Change Lead | E21: Heatmap complete | F21: 2026-08-20 | G21: =IF(I21>=1,"GREEN",IF(I21>=0.5,"AMBER","RED")) -> RED | H21: 2 resistant groups → passive/champion | I21: 0 | J21: 5 | K21: Silent Resistance
B22: S3 | C22: Mock cutover rehearsal #1 end-to-end | D22: Cutover Mgr | E22: Data migration ready | F22: 2026-08-25 | G22: =IF(I22>=1,"GREEN",IF(I22>=0.5,"AMBER","RED")) -> RED | H22: Rehearsal run; gaps logged | I22: 0 | J22: 6 | K22: Hero Dependency
B24: 90 DAYS — sustain · lock in builder behaviours
B25: N1 | C25: Go/no-go criteria & owner agreed and signed | D25: Steering | E25: S3 done | F25: 2026-09-10 | G25: =IF(I25>=1,"GREEN",IF(I25>=0.5,"AMBER","RED")) -> RED | H25: Criteria signed; owner named | I25: 0 | J25: 5 | K25: Nobody Wants To Decide
B26: N2 | C26: Hypercare team rostered; escalation path live | D26: Service Owner | E26: Vendor SLA confirmed | F26: 2026-09-15 | G26: =IF(I26>=1,"GREEN",IF(I26>=0.5,"AMBER","RED")) -> RED | H26: Roster + SLA published | I26: 0 | J26: 4 | K26: Hero Dependency
B27: N3 | C27: Embed weekly build session; protect what works | D27: PgM | E27: Culture review | F27: 2026-09-20 | G27: =IF(I27>=1,"GREEN",IF(I27>=0.5,"AMBER","RED")) -> RED | H27: Session running 4 weeks straight | I27: 0 | J27: 4 | K27: Builder Culture
B29: Δ Health = the PMOS-health points this action is expected to recover when complete. 'Expected health lift' (top) sums the points still to be earned from incomplete actions — your recovery runway.

Sheet 5·Go-Live Readiness
A1: GO-LIVE READINESS DASHBOARD
A2: Five readiness domains. Each scores 0–100%. Overall readiness rolls up to the Executive Dashboard.
B4: Readiness is a behavioral outcome, not a completion %. Score honestly.
B6: Readiness checkpoint | C6: Score | D6: Weight | E6: Evidence / gap
B7: DATA MIGRATION READINESS
B8: Master data cleansed & validated | C8: 0.55 | D8: 1
B9: Migration rehearsed against real volumes | C9: 0.4 | D9: 1
B10: Reconciliation controls signed off | C10: 0.3 | D10: 1
B11: → Data Migration Readiness score | C11: =AVERAGE(C8:C10) -> 0.41666667
B12: UAT READINESS
B13: Test scripts cover critical business processes | C13: 0.7 | D13: 1
B14: Defect closure rate > 90% | C14: 0.45 | D14: 1
B15: Business sign-off obtained | C15: 0.2 | D15: 1
B16: → UAT Readiness score | C16: =AVERAGE(C13:C15) -> 0.45
B17: TRAINING READINESS
B18: Role-based training delivered | C18: 0.6 | D18: 1
B19: Training effectiveness measured (not just attendance) | C19: 0.3 | D19: 1
B20: Floor-walker / support model ready | C20: 0.5 | D20: 1
B21: → Training Readiness score | C21: =AVERAGE(C18:C20) -> 0.46666667
B22: CUTOVER READINESS
B23: Cutover plan rehearsed end-to-end | C23: 0.35 | D23: 1
B24: Rollback plan tested | C24: 0.25 | D24: 1
B25: Go/no-go criteria & owner agreed | C25: 0.4 | D25: 1
B26: → Cutover Readiness score | C26: =AVERAGE(C23:C25) -> 0.33333333
B27: SUPPORT (HYPERCARE) READINESS
B28: Hypercare team named & rostered | C28: 0.65 | D28: 1
B29: Escalation path published | C29: 0.7 | D29: 1
B30: Known-issues log & SLAs ready | C30: 0.45 | D30: 1
B31: → Support (Hypercare) Readiness score | C31: =AVERAGE(C28:C30) -> 0.6
B33: OVERALL GO-LIVE READINESS
B34: Weighted overall readiness | C34: =AVERAGE(C11,C16,C21,C26,C31) -> 0.45333333

Sheet 6·Stakeholder Heatmap
A1: STAKEHOLDER HEATMAP
A2: Map each stakeholder's stance and influence. Adoption score rolls up automatically. Target: move Resistant → Passive → Champion.
B4: Adoption score | C4: =IFERROR(AVERAGE(F6:F100),0) -> 0.55 | E4: Champions | F4: =COUNTIF(E6:E100,"Champion") -> 1 | G4: Resistant | H4: =COUNTIF(E6:E100,"Resistant") -> 2
B5: Stakeholder / group | C5: Role | D5: Influence | E5: Current stance | F5: Adoption % | G5: Trend | H5: Recovery action | I5: PMOS Pattern
B6: Finance team | C6: Process owners | D6: High | E6: Resistant | F6: 0.35 | G6: flat | H6: Stakeholder recovery plan; involve in COA decision | I6: Silent Resistance
B7: Warehouse ops | C7: End users | D7: High | E7: Passive | F7: 0.55 | G7: up | H7: Floor-walkers + quick-win demo | I7: Silent Resistance
B8: CFO | C8: Sponsor | D8: High | E8: Champion | F8: 0.9 | G8: up | H8: Keep visible; use in steering | I8: Hero Dependency
B9: Procurement | C9: Process owners | D9: Medium | E9: Resistant | F9: 0.4 | G9: down | H9: Address shadow-spreadsheet root cause | I9: Builder Culture
B10: IT support | C10: Hypercare | D10: Medium | E10: Passive | F10: 0.6 | G10: up | H10: Early hypercare involvement | I10: Nobody Wants To Decide
B11: Plant managers | C11: Influencers | D11: High | E11: Passive | F11: 0.5 | G11: flat | H11: 1:1 engagement; address go-live fears

Sheet 7·Steering Pack
A1: STEERING COMMITTEE PACK
A2: Auto-generated from the live tabs. Refresh before each steering. Do not hand-edit the linked cells.
B4: Program | C4: ='1·Exec Dashboard'!C5 -> Project Atlas — SAP S/4HANA | D4: =TODAY() -> 46193
B6: 1 · HEADLINE
B7: PMOS Health | C7: ='9·Pattern Dashboard'!F14 -> 25
B8: Go-Live Readiness | C8: ='5·Go-Live Readiness'!C34 -> 0.45333333
B9: Recovery Score | C9: ='4·Recovery Actions'!C4 -> 0.37142857
B10: Financial Exposure | C10: ='8·Financial Exposure'!C22 -> 7900254
B12: 2 · TOP RISKS NEEDING THIS COMMITTEE (Critical & Open)
B13: ID | C13: Risk | D13: Owner
B14: =IFERROR(INDEX('2·RAID Register'!$B$6:$B$200,MATCH(1,'2·RAID Register'!$N$6:$N$200,0)),"—") -> R1 | C14: =IFERROR(INDEX('2·RAID Register'!$D$6:$D$200,MATCH(1,'2·RAID Register'!$N$6:$N$200,0)),"") -> Data migration: legacy vendor master has 18% duplicate records; cleansing not started | D14: =IFERROR(INDEX('2·RAID Register'!$I$6:$I$200,MATCH(1,'2·RAID Register'!$N$6:$N$200,0)),"") -> Data Lead
B15: =IFERROR(INDEX('2·RAID Register'!$B$6:$B$200,MATCH(2,'2·RAID Register'!$N$6:$N$200,0)),"—") -> R2 | C15: =IFERROR(INDEX('2·RAID Register'!$D$6:$D$200,MATCH(2,'2·RAID Register'!$N$6:$N$200,0)),"") -> Only one consultant understands pricing-condition config (Hero Dependency) | D15: =IFERROR(INDEX('2·RAID Register'!$I$6:$I$200,MATCH(2,'2·RAID Register'!$N$6:$N$200,0)),"") -> PgM
B16: =IFERROR(INDEX('2·RAID Register'!$B$6:$B$200,MATCH(3,'2·RAID Register'!$N$6:$N$200,0)),"—") -> — | C16: =IFERROR(INDEX('2·RAID Register'!$D$6:$D$200,MATCH(3,'2·RAID Register'!$N$6:$N$200,0)),"") | D16: =IFERROR(INDEX('2·RAID Register'!$I$6:$I$200,MATCH(3,'2·RAID Register'!$N$6:$N$200,0)),"")
B17: =IFERROR(INDEX('2·RAID Register'!$B$6:$B$200,MATCH(4,'2·RAID Register'!$N$6:$N$200,0)),"—") -> — | C17: =IFERROR(INDEX('2·RAID Register'!$D$6:$D$200,MATCH(4,'2·RAID Register'!$N$6:$N$200,0)),"") | D17: =IFERROR(INDEX('2·RAID Register'!$I$6:$I$200,MATCH(4,'2·RAID Register'!$N$6:$N$200,0)),"")
B19: 3 · DECISIONS NEEDED TODAY (Open & due)
B20: ID | C20: Decision | D20: Owner
B21: =IFERROR(INDEX('3·Decision Log'!$B$6:$B$200,MATCH(1,'3·Decision Log'!$M$6:$M$200,0)),"—") -> D1 | C21: =IFERROR(INDEX('3·Decision Log'!$C$6:$C$200,MATCH(1,'3·Decision Log'!$M$6:$M$200,0)),"") -> Chart of accounts structure (4-segment vs 6) | D21: =IFERROR(INDEX('3·Decision Log'!$D$6:$D$200,MATCH(1,'3·Decision Log'!$M$6:$M$200,0)),"") -> CFO
B22: =IFERROR(INDEX('3·Decision Log'!$B$6:$B$200,MATCH(2,'3·Decision Log'!$M$6:$M$200,0)),"—") -> D2 | C22: =IFERROR(INDEX('3·Decision Log'!$C$6:$C$200,MATCH(2,'3·Decision Log'!$M$6:$M$200,0)),"") -> Single global template vs country localisation | D22: =IFERROR(INDEX('3·Decision Log'!$D$6:$D$200,MATCH(2,'3·Decision Log'!$M$6:$M$200,0)),"") -> Sponsor
B23: =IFERROR(INDEX('3·Decision Log'!$B$6:$B$200,MATCH(3,'3·Decision Log'!$M$6:$M$200,0)),"—") -> D3 | C23: =IFERROR(INDEX('3·Decision Log'!$C$6:$C$200,MATCH(3,'3·Decision Log'!$M$6:$M$200,0)),"") -> Go / no-go criteria for cutover | D23: =IFERROR(INDEX('3·Decision Log'!$D$6:$D$200,MATCH(3,'3·Decision Log'!$M$6:$M$200,0)),"") -> Steering
B24: =IFERROR(INDEX('3·Decision Log'!$B$6:$B$200,MATCH(4,'3·Decision Log'!$M$6:$M$200,0)),"—") -> — | C24: =IFERROR(INDEX('3·Decision Log'!$C$6:$C$200,MATCH(4,'3·Decision Log'!$M$6:$M$200,0)),"") | D24: =IFERROR(INDEX('3·Decision Log'!$D$6:$D$200,MATCH(4,'3·Decision Log'!$M$6:$M$200,0)),"")
B26: 4 · RECOVERY PROGRESS vs 30/60/90 PLAN
B27: Actions complete | C27: =COUNTIF('4·Recovery Actions'!G7:G200,"Done")&" of "&COUNTA('4·Recovery Actions'!B7:B200) -> 0 of 19
B28: Overall recovery | C28: ='4·Recovery Actions'!C4 -> 0.37142857
B29: Adoption score | C29: ='6·Stakeholder Heatmap'!C4 -> 0.55
B31: What NOT to do: do not walk the committee through every workstream. Bring the 2–3 decisions only they can make.

Sheet 8·Financial Exposure
A1: FINANCIAL EXPOSURE CALCULATOR
A2: Model the cost of doing nothing. Blue cells are your inputs; everything else calculates. Currency shown in your selected unit.
B4: Currency | C4: USD | D4: Set once — all figures below use this. INR shows Lakh/Crore.
B6: INPUTS
B7: Program budget (in millions, your currency) | C7: 15
B8: Weekly run-rate (% of budget burned per week) | C8: 0.0125
B9: Expected delay (weeks) | C9: 12
B10: Daily blended team cost (your currency) | C10: 18000
B11: Extra resource days needed for recovery | C11: 240
B12: Annual business benefit at stake (millions) | C12: 6
B13: Benefit lost per month of delay (%) | C13: 0.08
B14: Recovery programme cost (your currency) | C14: 450000
B16: CALCULATED EXPOSURE
B17: Delay cost (run-rate × weeks) | C17: =C7*1000000*C8*C9 -> 2250000
B18: Recovery resource cost (day-rate × days) | C18: =C10*C11 -> 4320000
B19: Benefit realisation impact (delay × benefit/mo) | C19: =(C9/4.33)*(C12*1000000*C13) -> 1330254
B20: Recovery programme cost | C20: =C14 -> 450000
B22: TOTAL EXPOSURE IF NOTHING CHANGES | C22: =C17+C18+C19 -> 7900254
B24: Recovery ROI (exposure avoided ÷ recovery cost) | C24: =IFERROR((C17+C18+C19)/C20,0) -> 17.55612
B25: Every 1 unit spent on recovery avoids this many in exposure.
B27: Note: figures are in your selected currency's base units. In the PMOS web report these render with Lakh/Crore (INR) or Million/Billion (USD/GBP/EUR) automatically.

Sheet 9·Pattern Dashboard
A1: PMOS™ PATTERN DASHBOARD — THE BEHAVIORAL CONTROL TOWER
A2: The five PMOS patterns are the root cause. Every risk, decision, stakeholder and recovery action traces back to one of them. This is the centre of the Command Center.
B4: Score each pattern 0–100 from your latest diagnostic (higher = more dysfunction; Builder Culture is inverse — higher is better). Columns I–L pull live from the other tabs.
B6: PATTERN | C6: W-3 | D6: W-2 | E6: W-1 | F6: NOW | G6: TREND | H6: SEVERITY | I6: Risks | J6: Decisions | K6: People | L6: Actions | M6: RECOMMENDED NEXT MOVE
B7: Hero Dependency™ | C7: 95 | D7: 92 | E7: 90 | F7: 90 | G7: =IF(F7<C7,"▼ improving",IF(F7>C7,"▲ worsening","= flat")) -> ▼ improving | H7: =IF(F7>=75,"CRITICAL",IF(F7>=50,"ELEVATED",IF(F7>=25,"WATCH","HEALTHY"))) -> CRITICAL | I7: =COUNTIFS('2·RAID Register'!$L$6:$L$200,"Hero Dependency",'2·RAID Register'!$C$6:$C$200,"Risk",'2·RAID Register'!$H$6:$H$200,"Open") -> 1 | J7: =COUNTIFS('3·Decision Log'!$L$6:$L$200,"Hero Dependency",'3·Decision Log'!$I$6:$I$200,"Open") -> 0 | K7: =COUNTIF('6·Stakeholder Heatmap'!$I$6:$I$100,"Hero Dependency") -> 1 | L7: =COUNTIF('4·Recovery Actions'!$K$7:$K$200,"Hero Dependency") -> 4 | M7: Pair every single-point-of-failure with a named backup now; start knowledge transfer this week.
B8: Death By Governance™ | C8: 88 | D8: 85 | E8: 80 | F8: 80 | G8: =IF(F8<C8,"▼ improving",IF(F8>C8,"▲ worsening","= flat")) -> ▼ improving | H8: =IF(F8>=75,"CRITICAL",IF(F8>=50,"ELEVATED",IF(F8>=25,"WATCH","HEALTHY"))) -> CRITICAL | I8: =COUNTIFS('2·RAID Register'!$L$6:$L$200,"Death By Governance",'2·RAID Register'!$C$6:$C$200,"Risk",'2·RAID Register'!$H$6:$H$200,"Open") -> 1 | J8: =COUNTIFS('3·Decision Log'!$L$6:$L$200,"Death By Governance",'3·Decision Log'!$I$6:$I$200,"Open") -> 0 | K8: =COUNTIF('6·Stakeholder Heatmap'!$I$6:$I$100,"Death By Governance") -> 0 | L8: =COUNTIF('4·Recovery Actions'!$K$7:$K$200,"Death By Governance") -> 3 | M8: Cut approvals to max two layers; kill one standing forum that produced no decision last month.
B9: Nobody Wants To Decide™ | C9: 85 | D9: 82 | E9: 78 | F9: 78 | G9: =IF(F9<C9,"▼ improving",IF(F9>C9,"▲ worsening","= flat")) -> ▼ improving | H9: =IF(F9>=75,"CRITICAL",IF(F9>=50,"ELEVATED",IF(F9>=25,"WATCH","HEALTHY"))) -> CRITICAL | I9: =COUNTIFS('2·RAID Register'!$L$6:$L$200,"Nobody Wants To Decide",'2·RAID Register'!$C$6:$C$200,"Risk",'2·RAID Register'!$H$6:$H$200,"Open") -> 0 | J9: =COUNTIFS('3·Decision Log'!$L$6:$L$200,"Nobody Wants To Decide",'3·Decision Log'!$I$6:$I$200,"Open") -> 3 | K9: =COUNTIF('6·Stakeholder Heatmap'!$I$6:$I$100,"Nobody Wants To Decide") -> 1 | L9: =COUNTIF('4·Recovery Actions'!$K$7:$K$200,"Nobody Wants To Decide") -> 3 | M9: Put one named owner + deadline on every open decision; escalate any decision aged >10 days.
B10: Silent Resistance™ | C10: 70 | D10: 68 | E10: 67 | F10: 67 | G10: =IF(F10<C10,"▼ improving",IF(F10>C10,"▲ worsening","= flat")) -> ▼ improving | H10: =IF(F10>=75,"CRITICAL",IF(F10>=50,"ELEVATED",IF(F10>=25,"WATCH","HEALTHY"))) -> ELEVATED | I10: =COUNTIFS('2·RAID Register'!$L$6:$L$200,"Silent Resistance",'2·RAID Register'!$C$6:$C$200,"Risk",'2·RAID Register'!$H$6:$H$200,"Open") -> 1 | J10: =COUNTIFS('3·Decision Log'!$L$6:$L$200,"Silent Resistance",'3·Decision Log'!$I$6:$I$200,"Open") -> 0 | K10: =COUNTIF('6·Stakeholder Heatmap'!$I$6:$I$100,"Silent Resistance") -> 2 | L10: =COUNTIF('4·Recovery Actions'!$K$7:$K$200,"Silent Resistance") -> 3 | M10: Run a shadow-process audit; convert two resistant stakeholders with a visible quick win.
B11: Builder Culture™ (↑ good) | C11: 30 | D11: 33 | E11: 38 | F11: 38 | G11: =IF(F11>C11,"▲ improving",IF(F11<C11,"▼ eroding","= flat")) -> ▲ improving | H11: =IF(F11>=75,"STRONG",IF(F11>=50,"MODERATE",IF(F11>=25,"WEAK","CRITICAL"))) -> WEAK | I11: =COUNTIFS('2·RAID Register'!$L$6:$L$200,"Builder Culture",'2·RAID Register'!$C$6:$C$200,"Risk",'2·RAID Register'!$H$6:$H$200,"Open") -> 0 | J11: =COUNTIFS('3·Decision Log'!$L$6:$L$200,"Builder Culture",'3·Decision Log'!$I$6:$I$200,"Open") -> 0 | K11: =COUNTIF('6·Stakeholder Heatmap'!$I$6:$I$100,"Builder Culture") -> 1 | L11: =COUNTIF('4·Recovery Actions'!$K$7:$K$200,"Builder Culture") -> 1 | M11: Reinforce problem-solving wins publicly; protect the behaviours already working.
B13: PMOS HEALTH INDEX
B14: Composite health (0–100) | F14: =ROUND(AVERAGE(100-F7,100-F8,100-F9,100-F10,F11),0) -> 25 | G14: ← Feeds the Executive Dashboard. Below 25 = critical behavioral failure underway.
B16: EXPECTED HEALTH LIFT FROM THE RECOVERY PLAN
B17: Current composite health | F17: =F14 -> 25 | G17: where the program sits today
B18: Total Δ from open recovery actions | F18: =SUM('4·Recovery Actions'!$J$7:$J$200) -> 69 | G18: sum of expected health points across all recovery actions
B19: Projected health if plan delivered | F19: =MIN(100,F17+F18) -> 94 | G19: realistic target if every recovery action lands — your recovery business case in one number
B21: HOW TO READ THIS TAB
B22: • Each pattern's NOW score drives its severity and links. The patterns are the root cause; the columns to the right show how much live work each one is generating.
B23: • Risks / Decisions / People / Actions count the open items tagged to each pattern across the other tabs. A pattern with high score AND high counts is where to spend your week.
B24: • Tag items to patterns using the 'PMOS Pattern' column on the RAID, Decision, Stakeholder and Recovery tabs. The counts here update automatically.
B25: • The green block is your recovery business case: today's health, the lift your plan is expected to deliver, and the projected end state. Take it to your sponsor.
